{"cameraMode":{"drawMode":0,"name":"Shaded","section":"Shading Mode"},"sceneLighting":false,"audioPlay":false,"sceneViewState":{"showFog":true,"showMaterialUpdate":false,"showSkybox":true,"showFlares":true,"showImageEffects":true,"showParticleSystems":true},"in2DMode":false,"pivot":{"x":-0.011235713958740235,"y":-0.8293408155441284,"z":0.0012589097023010254},"rotation":{"x":-0.3212941884994507,"y":0.3470792770385742,"z":-0.1279016137123108,"w":-0.8717495799064636},"size":8.561371803283692,"orthographic":false}