{"cameraMode":{"drawMode":0,"name":"Shaded","section":"Shading Mode"},"sceneLighting":false,"audioPlay":false,"sceneViewState":{"showFog":true,"showMaterialUpdate":false,"showSkybox":true,"showFlares":true,"showImageEffects":true,"showParticleSystems":true},"in2DMode":false,"pivot":{"x":1.451958179473877,"y":0.3510758876800537,"z":-0.0038148164749145509},"rotation":{"x":-0.3212941884994507,"y":0.3470792770385742,"z":-0.1279016137123108,"w":-0.8717495799064636},"size":8.761713027954102,"orthographic":false}