{"cameraMode":{"drawMode":0,"name":"Shaded","section":"Shading Mode"},"sceneLighting":false,"audioPlay":false,"sceneViewState":{"showFog":true,"showMaterialUpdate":false,"showSkybox":true,"showFlares":true,"showImageEffects":true,"showParticleSystems":true},"in2DMode":false,"pivot":{"x":0.18573522567749024,"y":0.11617040634155274,"z":1.4901161193847657e-8},"rotation":{"x":-0.020389027893543245,"y":-0.04138265922665596,"z":0.0008612542878836393,"w":-0.9989349246025086},"size":9.616506576538086,"orthographic":false}