{"cameraMode":{"drawMode":0,"name":"Shaded","section":"Shading Mode"},"sceneLighting":false,"audioPlay":false,"sceneViewState":{"showFog":true,"showMaterialUpdate":false,"showSkybox":true,"showFlares":true,"showImageEffects":true,"showParticleSystems":true},"in2DMode":false,"pivot":{"x":-0.08072763681411743,"y":1.3858203887939454,"z":0.4099142551422119},"rotation":{"x":0.04388362914323807,"y":-0.18766090273857118,"z":0.008467230945825577,"w":0.9812166094779968},"size":5.30443000793457,"orthographic":false}