{"cameraMode":{"drawMode":0,"name":"Shaded","section":"Shading Mode"},"sceneLighting":false,"audioPlay":false,"sceneViewState":{"showFog":true,"showMaterialUpdate":false,"showSkybox":true,"showFlares":true,"showImageEffects":true,"showParticleSystems":true},"in2DMode":false,"pivot":{"x":-0.011235475540161133,"y":-0.0017366409301757813,"z":-0.10781487822532654},"rotation":{"x":-0.3212941884994507,"y":0.3470792770385742,"z":-0.1279016137123108,"w":-0.8717495799064636},"size":8.559808731079102,"orthographic":false}