{"cameraMode":{"drawMode":0,"name":"Shaded","section":"Shading Mode"},"sceneLighting":false,"audioPlay":false,"sceneViewState":{"showFog":true,"showMaterialUpdate":false,"showSkybox":true,"showFlares":true,"showImageEffects":true,"showParticleSystems":true},"in2DMode":false,"pivot":{"x":-0.5891094207763672,"y":-1.9729561805725098,"z":8.164509773254395},"rotation":{"x":0.2811659872531891,"y":-0.1219470202922821,"z":0.036041878163814548,"w":0.9511969685554504},"size":8.124485969543457,"orthographic":false}